session_id,round,question_id,difficulty,chapter,priority_used
1,1,189,3,系统设计,P1
1,2,133,5,序列化和反序列化,P3
1,3,106,5,系统设计,P2
1,4,187,4,系统设计,P1
1,5,117,4,GC,P2
1,6,129,4,性能调优,P2
1,7,115,4,GC,P1
2,1,118,5,GC,P1
2,2,135,4,序列化和反序列化,P2
2,3,59,3,数据库,P3
2,4,98,3,JVM,P3
2,5,133,5,序列化和反序列化,P3
2,6,150,4,系统设计,P1
2,7,145,4,系统设计,P2
3,1,99,3,JVM,P2
3,2,115,4,GC,P1
3,3,166,5,数据库,P1
3,4,55,5,数据库,P1
3,5,103,4,系统设计,P3
4,1,44,3,异常,P2
4,2,144,2,数据库,P1
4,3,21,2,变量,P2
4,4,10,2,基本语法,P1
4,5,19,2,变量,P1
4,6,20,3,变量,P1
5,1,145,4,系统设计,P2
5,2,154,2,Spring,P3
5,3,107,3,系统设计,P2
5,4,63,3,系统设计,P3
5,5,141,3,数据库,P1
5,6,158,3,微服务,P3
5,7,162,3,微服务,P1
6,1,147,3,系统设计,P1
6,2,29,2,方法,P3
6,3,164,3,数据库,P3
6,4,168,3,数据库,P2
6,5,28,2,方法,P1
7,1,189,3,系统设计,P3
7,2,191,3,系统设计,P2
7,3,141,3,数据库,P1
7,4,29,2,方法,P2
7,5,168,3,数据库,P1
7,6,10,2,基本语法,P1
7,7,1,2,String,P3
8,1,145,4,系统设计,P2
8,2,156,2,Spring,P2
8,3,158,3,微服务,P1
8,4,57,3,数据库,P3
8,5,65,2,系统设计,P1
8,6,171,2,缓存,P2
9,1,73,2,线程池,P1
9,2,51,2,集合,P3
9,3,81,3,锁,P3
9,4,70,3,并发,P2
9,5,71,3,并发,P1
9,6,102,2,JVM,P2
9,7,53,2,集合,P2
10,1,185,3,SPI,P1
10,2,188,3,系统设计,P3
10,3,64,3,系统设计,P2
10,4,177,2,注解,P3
10,5,169,2,缓存,P2
10,6,63,3,系统设计,P1
10,7,139,4,数据库,P2
10,8,144,2,数据库,P1
11,1,174,3,缓存,P3
11,2,156,2,Spring,P2
11,3,155,3,Spring,P1
11,4,175,2,注解,P1
12,1,169,2,缓存,P2
12,2,187,4,系统设计,P1
12,3,156,2,Spring,P1
12,4,103,4,系统设计,P1
12,5,59,3,数据库,P2
12,6,183,2,SPI,P1
13,1,149,3,系统设计,P1
13,2,187,4,系统设计,P1
13,3,85,3,JMM,P1
13,4,81,3,锁,P3
13,5,108,3,系统设计,P2
13,6,101,3,JVM,P1
14,1,32,4,面向对象基础,P1
14,2,163,3,数据库,P3
14,3,104,3,系统设计,P2
14,4,139,4,数据库,P1
14,5,191,3,系统设计,P1
14,6,57,3,数据库,P1
14,7,163,3,数据库,P1
15,1,150,4,系统设计,P1
15,2,99,3,JVM,P1
15,3,147,3,系统设计,P1
15,4,192,4,系统设计,P1
15,5,70,3,并发,P3
15,6,105,3,系统设计,P1
15,7,150,4,系统设计,P2
16,1,160,3,微服务,P3
16,2,62,3,系统设计,P1
16,3,171,2,缓存,P3
16,4,183,2,SPI,P3
16,5,167,3,数据库,P1
16,6,154,2,Spring,P3
16,7,186,3,SPI,P3
17,1,188,3,系统设计,P2
17,2,178,3,注解,P1
17,3,170,3,缓存,P1
17,4,177,2,注解,P2
17,5,62,3,系统设计,P2
17,6,169,2,缓存,P1
18,1,38,3,Object,P1
18,2,46,3,异常,P1
18,3,58,3,数据库,P1
18,4,104,3,系统设计,P3
18,5,41,3,Object,P2
18,6,45,3,异常,P1
19,1,189,3,系统设计,P3
19,2,169,2,缓存,P2
19,3,153,2,Spring,P1
19,4,171,2,缓存,P1
19,5,151,3,Spring,P1
19,6,175,2,注解,P1
20,1,163,3,数据库,P2
20,2,7,2,基本语法,P2
20,3,5,2,String,P3
20,4,26,1,方法,P2
20,5,93,2,集合,P3
21,1,139,4,数据库,P1
21,2,143,3,数据库,P1
21,3,176,2,注解,P1
21,4,58,3,数据库,P3
21,5,188,3,系统设计,P1
21,6,171,2,缓存,P1
21,7,160,3,微服务,P3
21,8,167,3,数据库,P1
22,1,145,4,系统设计,P2
22,2,190,5,系统设计,P1
22,3,148,5,系统设计,P3
22,4,140,5,数据库,P2
22,5,187,4,系统设计,P1
22,6,145,4,系统设计,P1
23,1,145,4,系统设计,P2
23,2,192,4,系统设计,P1
23,3,103,4,系统设计,P1
23,4,190,5,系统设计,P3
23,5,152,5,Spring,P1
23,6,184,4,SPI,P1
23,7,150,4,系统设计,P2
24,1,100,5,JVM,P2
24,2,83,3,锁,P2
24,3,148,5,系统设计,P1
24,4,190,5,系统设计,P1
24,5,84,4,锁,P2
24,6,103,4,系统设计,P1
24,7,90,5,JMM,P2
24,8,77,5,线程池,P1
25,1,167,3,数据库,P1
25,2,107,3,系统设计,P1
25,3,147,3,系统设计,P3
25,4,10,2,基本语法,P3
25,5,34,4,面向对象基础,P2
25,6,50,3,集合,P3
26,1,184,4,SPI,P1
26,2,175,2,注解,P3
26,3,178,3,注解,P2
26,4,191,3,系统设计,P1
26,5,156,2,Spring,P1
26,6,180,3,注解,P2
26,7,143,3,数据库,P1
27,1,41,3,Object,P3
27,2,19,2,变量,P1
27,3,37,3,Object,P3
27,4,18,4,基本数据类型,P2
27,5,94,3,集合,P1
27,6,103,4,系统设计,P1
27,7,58,3,数据库,P1
28,1,167,3,数据库,P2
28,2,55,5,数据库,P2
28,3,179,3,注解,P3
28,4,58,3,数据库,P1
28,5,56,5,数据库,P3
28,6,148,5,系统设计,P2
28,7,146,3,系统设计,P1
28,8,172,4,缓存,P1
29,1,113,5,JVM,P3
29,2,87,3,JMM,P3
29,3,187,4,系统设计,P3
29,4,110,3,JVM,P2
29,5,88,3,JMM,P1
29,6,75,4,线程池,P1
29,7,94,3,集合,P2
29,8,83,3,锁,P3
30,1,188,3,系统设计,P1
30,2,95,5,集合,P1
30,3,92,3,集合,P3
30,4,96,4,集合,P2
30,5,39,3,Object,P1
30,6,62,3,系统设计,P1
31,1,61,4,系统设计,P3
31,2,171,2,缓存,P2
31,3,65,2,系统设计,P1
31,4,144,2,数据库,P3
31,5,180,3,注解,P2
31,6,143,3,数据库,P3
32,1,50,3,集合,P1
32,2,58,3,数据库,P2
32,3,188,3,系统设计,P1
32,4,23,2,变量,P1
32,5,43,4,异常,P1
33,1,187,4,系统设计,P3
33,2,11,2,基本语法,P1
33,3,141,3,数据库,P3
33,4,1,2,String,P2
33,5,23,2,变量,P1
33,6,167,3,数据库,P3
33,7,21,2,变量,P2
34,1,161,5,微服务,P2
34,2,143,3,数据库,P3
34,3,163,3,数据库,P3
34,4,149,3,系统设计,P3
34,5,152,5,Spring,P2
35,1,133,5,序列化和反序列化,P2
35,2,188,3,系统设计,P1
35,3,119,5,GC,P1
35,4,129,4,性能调优,P1
35,5,149,3,系统设计,P2
35,6,64,3,系统设计,P3
36,1,68,5,并发,P1
36,2,90,5,JMM,P1
36,3,78,3,线程池,P1
36,4,63,3,系统设计,P1
36,5,105,3,系统设计,P1
37,1,176,2,注解,P1
37,2,154,2,Spring,P2
37,3,150,4,系统设计,P2
37,4,164,3,数据库,P2
37,5,163,3,数据库,P2
37,6,107,3,系统设计,P2
38,1,110,3,JVM,P1
38,2,79,3,锁,P1
38,3,70,3,并发,P1
38,4,98,3,JVM,P3
38,5,101,3,JVM,P3
38,6,49,3,集合,P1
39,1,19,2,变量,P2
39,2,92,3,集合,P1
39,3,62,3,系统设计,P2
39,4,41,3,Object,P3
39,5,39,3,Object,P3
39,6,46,3,异常,P2
40,1,88,3,JMM,P2
40,2,96,4,集合,P2
40,3,78,3,线程池,P3
40,4,105,3,系统设计,P3
40,5,192,4,系统设计,P3
41,1,62,3,系统设计,P2
41,2,61,4,系统设计,P1
41,3,52,3,集合,P1
41,4,110,3,JVM,P1
41,5,111,3,JVM,P2
42,1,174,3,缓存,P2
42,2,190,5,系统设计,P3
42,3,164,3,数据库,P1
42,4,148,5,系统设计,P3
42,5,150,4,系统设计,P2
42,6,157,5,微服务,P1
42,7,105,3,系统设计,P1
43,1,124,5,I/O,P3
43,2,113,5,JVM,P2
43,3,119,5,GC,P2
43,4,106,5,系统设计,P2
43,5,190,5,系统设计,P1
43,6,138,5,序列化和反序列化,P2
43,7,142,5,数据库,P3
43,8,121,5,I/O,P1
44,1,190,5,系统设计,P3
44,2,127,5,性能调优,P2
44,3,110,3,JVM,P1
44,4,145,4,系统设计,P1
44,5,142,5,数据库,P3
44,6,192,4,系统设计,P3
44,7,121,5,I/O,P2
45,1,105,3,系统设计,P2
45,2,182,5,SPI,P2
45,3,148,5,系统设计,P1
45,4,187,4,系统设计,P1
45,5,181,4,SPI,P2
45,6,103,4,系统设计,P2
45,7,166,5,数据库,P3
45,8,172,4,缓存,P3
46,1,146,3,系统设计,P1
46,2,44,3,异常,P2
46,3,55,5,数据库,P2
46,4,38,3,Object,P3
46,5,35,4,面向对象基础,P2
46,6,50,3,集合,P2
46,7,168,3,数据库,P3
46,8,191,3,系统设计,P1
47,1,104,3,系统设计,P1
47,2,180,3,注解,P2
47,3,181,4,SPI,P1
48,1,14,3,基本数据类型,P1
48,2,150,4,系统设计,P1
48,3,43,4,异常,P1
48,4,40,5,Object,P2
48,5,50,3,集合,P3
49,1,48,5,异常,P1
49,2,146,3,系统设计,P1
49,3,166,5,数据库,P1
49,4,165,3,数据库,P2
49,5,142,5,数据库,P1
49,6,60,4,数据库,P1
49,7,54,3,集合,P3
49,8,43,4,异常,P2
50,1,103,4,系统设计,P1
50,2,34,4,面向对象基础,P1
50,3,108,3,系统设计,P1
51,1,188,3,系统设计,P2
51,2,108,3,系统设计,P3
51,3,50,3,集合,P1
51,4,81,3,锁,P1
51,5,71,3,并发,P3
51,6,85,3,JMM,P3
51,7,190,5,系统设计,P1
51,8,187,4,系统设计,P2
52,1,65,2,系统设计,P1
52,2,177,2,注解,P3
52,3,171,2,缓存,P3
52,4,176,2,注解,P2
52,5,169,2,缓存,P3
52,6,65,2,系统设计,P1
52,7,175,2,注解,P1
53,1,28,2,方法,P2
53,2,8,2,基本语法,P1
53,3,51,2,集合,P1
53,4,93,2,集合,P1
53,5,7,2,基本语法,P2
53,6,2,2,String,P1
53,7,21,2,变量,P2
54,1,7,2,基本语法,P3
54,2,23,2,变量,P1
54,3,53,2,集合,P1
54,4,4,2,String,P1
54,5,5,2,String,P1
55,1,117,4,GC,P1
55,2,118,5,GC,P3
55,3,103,4,系统设计,P2
55,4,115,4,GC,P2
55,5,140,5,数据库,P1
55,6,150,4,系统设计,P2
55,7,56,5,数据库,P1
56,1,128,5,性能调优,P2
56,2,113,5,JVM,P1
56,3,192,4,系统设计,P2
56,4,55,5,数据库,P2
56,5,190,5,系统设计,P1
56,6,62,3,系统设计,P2
57,1,107,3,系统设计,P2
57,2,118,5,GC,P1
57,3,191,3,系统设计,P2
57,4,129,4,性能调优,P1
57,5,136,3,序列化和反序列化,P2
57,6,55,5,数据库,P2
58,1,160,3,微服务,P1
58,2,141,3,数据库,P2
58,3,144,2,数据库,P2
58,4,175,2,注解,P3
59,1,108,3,系统设计,P3
59,2,52,3,集合,P1
59,3,189,3,系统设计,P1
59,4,191,3,系统设计,P2
59,5,1,2,String,P2
59,6,144,2,数据库,P2
59,7,11,2,基本语法,P1
60,1,169,2,缓存,P3
60,2,139,4,数据库,P2
60,3,176,2,注解,P2
60,4,163,3,数据库,P1
60,5,191,3,系统设计,P3
60,6,179,3,注解,P1
61,1,64,3,系统设计,P2
61,2,107,3,系统设计,P3
61,3,154,2,Spring,P1
61,4,165,3,数据库,P2
61,5,178,3,注解,P3
62,1,1,2,String,P1
62,2,139,4,数据库,P3
62,3,188,3,系统设计,P1
62,4,108,3,系统设计,P1
62,5,64,3,系统设计,P2
63,1,10,2,基本语法,P1
63,2,3,2,String,P2
63,3,146,3,系统设计,P2
63,4,62,3,系统设计,P3
63,5,7,2,基本语法,P1
63,6,18,4,基本数据类型,P2
63,7,187,4,系统设计,P3
64,1,186,3,SPI,P1
64,2,181,4,SPI,P1
64,3,63,3,系统设计,P1
64,4,162,3,微服务,P3
64,5,172,4,缓存,P3
65,1,168,3,数据库,P1
65,2,31,3,面向对象基础,P1
65,3,189,3,系统设计,P1
66,1,103,4,系统设计,P1
66,2,51,2,集合,P1
66,3,4,2,String,P3
66,4,52,3,集合,P3
66,5,35,4,面向对象基础,P1
66,6,94,3,集合,P1
67,1,39,3,Object,P1
67,2,91,2,集合,P1
67,3,139,4,数据库,P2
67,4,2,2,String,P1
67,5,30,4,方法,P1
67,6,191,3,系统设计,P1
68,1,108,3,系统设计,P1
68,2,167,3,数据库,P1
68,3,187,4,系统设计,P1
68,4,156,2,Spring,P2
68,5,177,2,注解,P1
68,6,146,3,系统设计,P1
68,7,160,3,微服务,P2
68,8,153,2,Spring,P1
69,1,63,3,系统设计,P1
69,2,176,2,注解,P2
69,3,65,2,系统设计,P1
69,4,141,3,数据库,P1
69,5,103,4,系统设计,P2
69,6,192,4,系统设计,P1
69,7,155,3,Spring,P1
69,8,176,2,注解,P1
70,1,161,5,微服务,P1
70,2,172,4,缓存,P2
70,3,61,4,系统设计,P1
70,4,192,4,系统设计,P2
70,5,106,5,系统设计,P3
70,6,166,5,数据库,P1
70,7,148,5,系统设计,P1
71,1,75,4,线程池,P1
71,2,190,5,系统设计,P3
71,3,192,4,系统设计,P2
71,4,148,5,系统设计,P2
71,5,77,5,线程池,P3
71,6,187,4,系统设计,P2
71,7,113,5,JVM,P2
72,1,86,4,JMM,P3
72,2,74,4,线程池,P1
72,3,103,4,系统设计,P1
72,4,75,4,线程池,P2
72,5,190,5,系统设计,P1
72,6,187,4,系统设计,P1
72,7,192,4,系统设计,P3
73,1,122,2,I/O,P2
73,2,144,2,数据库,P2
73,3,116,2,GC,P1
74,1,72,3,并发,P1
74,2,93,2,集合,P2
74,3,80,2,锁,P2
74,4,114,2,JVM,P3
74,5,65,2,系统设计,P2
74,6,102,2,JVM,P2
74,7,91,2,集合,P1
74,8,93,2,集合,P1
75,1,176,2,注解,P2
75,2,177,2,注解,P1
75,3,183,2,SPI,P1
75,4,153,2,Spring,P1
75,5,169,2,缓存,P1
75,6,154,2,Spring,P1
75,7,156,2,Spring,P2
76,1,150,4,系统设计,P1
76,2,190,5,系统设计,P1
76,3,188,3,系统设计,P3
76,4,63,3,系统设计,P1
76,5,140,5,数据库,P2
76,6,184,4,SPI,P2
76,7,152,5,Spring,P3
76,8,55,5,数据库,P1
77,1,43,4,异常,P1
77,2,36,4,面向对象基础,P2
77,3,30,4,方法,P2
77,4,96,4,集合,P3
77,5,145,4,系统设计,P3
77,6,55,5,数据库,P3
77,7,61,4,系统设计,P3
78,1,170,3,缓存,P2
78,2,150,4,系统设计,P2
78,3,178,3,注解,P1
78,4,187,4,系统设计,P2
78,5,163,3,数据库,P3
79,1,173,4,缓存,P2
79,2,140,5,数据库,P3
79,3,151,3,Spring,P3
79,4,181,4,SPI,P1
79,5,172,4,缓存,P1
79,6,166,5,数据库,P1
79,7,60,4,数据库,P1
80,1,112,3,JVM,P1
80,2,84,4,锁,P3
80,3,85,3,JMM,P1
80,4,190,5,系统设计,P1
80,5,96,4,集合,P2
80,6,86,4,JMM,P2
81,1,60,4,数据库,P1
81,2,62,3,系统设计,P2
81,3,96,4,集合,P1
81,4,40,5,Object,P1
81,5,187,4,系统设计,P2
81,6,48,5,异常,P2
81,7,192,4,系统设计,P1
82,1,145,4,系统设计,P1
82,2,86,4,JMM,P2
82,3,89,5,JMM,P2
82,4,75,4,线程池,P1
82,5,106,5,系统设计,P1
82,6,148,5,系统设计,P1
83,1,139,4,数据库,P1
83,2,148,5,系统设计,P1
83,3,55,5,数据库,P2
83,4,172,4,缓存,P1
83,5,157,5,微服务,P2
84,1,106,5,系统设计,P2
84,2,150,4,系统设计,P1
84,3,61,4,系统设计,P1
84,4,103,4,系统设计,P1
84,5,68,5,并发,P1
84,6,148,5,系统设计,P1
84,7,89,5,JMM,P2
84,8,96,4,集合,P2
85,1,181,4,SPI,P3
85,2,171,2,缓存,P1
85,3,64,3,系统设计,P3
85,4,57,3,数据库,P1
85,5,150,4,系统设计,P3
85,6,164,3,数据库,P2
86,1,145,4,系统设计,P1
86,2,33,2,面向对象基础,P1
86,3,1,2,String,P1
86,4,104,3,系统设计,P1
86,5,30,4,方法,P3
87,1,192,4,系统设计,P2
87,2,54,3,集合,P3
87,3,91,2,集合,P1
87,4,71,3,并发,P2
87,5,69,3,并发,P2
87,6,191,3,系统设计,P1
88,1,163,3,数据库,P1
88,2,176,2,注解,P1
88,3,179,3,注解,P1
88,4,181,4,SPI,P1
88,5,188,3,系统设计,P2
88,6,165,3,数据库,P2
89,1,167,3,数据库,P1
89,2,103,4,系统设计,P3
89,3,171,2,缓存,P3
89,4,153,2,Spring,P2
89,5,139,4,数据库,P2
89,6,59,3,数据库,P1
89,7,168,3,数据库,P1
90,1,62,3,系统设计,P1
90,2,112,3,JVM,P1
90,3,98,3,JVM,P1
90,4,79,3,锁,P3
90,5,94,3,集合,P1
91,1,120,3,GC,P2
91,2,192,4,系统设计,P3
91,3,134,3,序列化和反序列化,P1
91,4,55,5,数据库,P3
91,5,127,5,性能调优,P1
91,6,115,4,GC,P1
91,7,103,4,系统设计,P1
92,1,161,5,微服务,P1
92,2,107,3,系统设计,P3
92,3,184,4,SPI,P2
92,4,139,4,数据库,P2
92,5,103,4,系统设计,P3
92,6,140,5,数据库,P3
92,7,166,5,数据库,P2
92,8,187,4,系统设计,P2
93,1,139,4,数据库,P3
93,2,57,3,数据库,P1
93,3,172,4,缓存,P2
93,4,61,4,系统设计,P2
93,5,148,5,系统设计,P3
93,6,162,3,微服务,P1
93,7,103,4,系统设计,P3
93,8,192,4,系统设计,P1
94,1,139,4,数据库,P1
94,2,58,3,数据库,P1
94,3,130,2,性能调优,P1
94,4,59,3,数据库,P1
94,5,105,3,系统设计,P3
94,6,168,3,数据库,P3
95,1,62,3,系统设计,P1
95,2,58,3,数据库,P3
95,3,64,3,系统设计,P3
95,4,108,3,系统设计,P2
95,5,147,3,系统设计,P1
96,1,6,4,String,P2
96,2,41,3,Object,P2
96,3,58,3,数据库,P3
96,4,8,2,基本语法,P1
96,5,167,3,数据库,P3
97,1,70,3,并发,P1
97,2,63,3,系统设计,P2
97,3,188,3,系统设计,P1
97,4,111,3,JVM,P1
97,5,84,4,锁,P3
97,6,190,5,系统设计,P1
98,1,17,5,基本数据类型,P1
98,2,168,3,数据库,P1
98,3,95,5,集合,P1
98,4,191,3,系统设计,P3
98,5,27,3,方法,P2
98,6,190,5,系统设计,P1
98,7,60,4,数据库,P1
99,1,40,5,Object,P1
99,2,190,5,系统设计,P1
99,3,104,3,系统设计,P1
99,4,30,4,方法,P1
99,5,189,3,系统设计,P1
99,6,61,4,系统设计,P2
99,7,103,4,系统设计,P1
100,1,23,2,变量,P1
100,2,11,2,基本语法,P1
100,3,36,4,面向对象基础,P2
100,4,51,2,集合,P1
100,5,20,3,变量,P1
100,6,52,3,集合,P1
100,7,29,2,方法,P1
101,1,136,3,序列化和反序列化,P2
101,2,188,3,系统设计,P3
101,3,134,3,序列化和反序列化,P1
101,4,97,3,JVM,P3
101,5,165,3,数据库,P1
101,6,163,3,数据库,P3
101,7,189,3,系统设计,P1
102,1,104,3,系统设计,P2
102,2,52,3,集合,P1
102,3,21,2,变量,P1
102,4,58,3,数据库,P1
102,5,11,2,基本语法,P1
102,6,192,4,系统设计,P1
102,7,164,3,数据库,P1
103,1,190,5,系统设计,P3
103,2,59,3,数据库,P2
103,3,48,5,异常,P1
103,4,57,3,数据库,P2
103,5,30,4,方法,P2
103,6,32,4,面向对象基础,P3
103,7,25,4,方法,P2
103,8,42,5,Object,P2
104,1,70,3,并发,P2
104,2,75,4,线程池,P1
104,3,192,4,系统设计,P3
104,4,96,4,集合,P2
105,1,145,4,系统设计,P2
105,2,189,3,系统设计,P1
105,3,55,5,数据库,P2
105,4,166,5,数据库,P3
105,5,140,5,数据库,P1
105,6,113,5,JVM,P1
105,7,61,4,系统设计,P2
105,8,119,5,GC,P1
106,1,119,5,GC,P2
106,2,101,3,JVM,P1
106,3,108,3,系统设计,P1
106,4,135,4,序列化和反序列化,P2
106,5,118,5,GC,P2
106,6,100,5,JVM,P1
106,7,127,5,性能调优,P3
106,8,115,4,GC,P1
107,1,96,4,集合,P1
107,2,88,3,JMM,P1
107,3,74,4,线程池,P2
107,4,95,5,集合,P2
107,5,75,4,线程池,P3
107,6,106,5,系统设计,P1
107,7,61,4,系统设计,P3
107,8,100,5,JVM,P1
108,1,190,5,系统设计,P1
108,2,140,5,数据库,P2
108,3,62,3,系统设计,P2
108,4,162,3,微服务,P2
108,5,106,5,系统设计,P2
108,6,56,5,数据库,P1
108,7,190,5,系统设计,P1
108,8,157,5,微服务,P1
109,1,144,2,数据库,P1
109,2,34,4,面向对象基础,P1
109,3,23,2,变量,P1
109,4,141,3,数据库,P1
109,5,53,2,集合,P2
109,6,50,3,集合,P3
109,7,59,3,数据库,P1
109,8,105,3,系统设计,P3
110,1,164,3,数据库,P1
110,2,52,3,集合,P1
110,3,64,3,系统设计,P1
110,4,107,3,系统设计,P2
110,5,16,2,基本数据类型,P1
110,6,8,2,基本语法,P2
110,7,11,2,基本语法,P3
111,1,158,3,微服务,P3
111,2,65,2,系统设计,P1
111,3,147,3,系统设计,P3
111,4,64,3,系统设计,P2
111,5,191,3,系统设计,P2
112,1,170,3,缓存,P3
112,2,178,3,注解,P3
112,3,63,3,系统设计,P3
112,4,174,3,缓存,P2
112,5,183,2,SPI,P2
112,6,66,2,系统设计,P1
112,7,177,2,注解,P3
113,1,64,3,系统设计,P1
113,2,147,3,系统设计,P1
113,3,28,2,方法,P2
113,4,3,2,String,P3
113,5,188,3,系统设计,P2
113,6,44,3,异常,P1
113,7,167,3,数据库,P2
113,8,27,3,方法,P1
114,1,43,4,异常,P3
114,2,50,3,集合,P3
114,3,146,3,系统设计,P1
114,4,144,2,数据库,P1
114,5,23,2,变量,P1
114,6,33,2,面向对象基础,P1
114,7,93,2,集合,P2
114,8,22,1,变量,P2
115,1,57,3,数据库,P3
115,2,164,3,数据库,P1
115,3,65,2,系统设计,P1
115,4,160,3,微服务,P1
115,5,178,3,注解,P3
115,6,156,2,Spring,P1
115,7,169,2,缓存,P1
116,1,153,2,Spring,P1
116,2,65,2,系统设计,P1
116,3,57,3,数据库,P2
116,4,178,3,注解,P3
116,5,177,2,注解,P1
116,6,183,2,SPI,P2
117,1,101,3,JVM,P1
117,2,99,3,JVM,P3
117,3,147,3,系统设计,P3
117,4,94,3,集合,P3
117,5,52,3,集合,P1
117,6,114,2,JVM,P3
118,1,162,3,微服务,P2
118,2,183,2,SPI,P2
118,3,156,2,Spring,P1
118,4,147,3,系统设计,P2
118,5,169,2,缓存,P1
118,6,171,2,缓存,P1
118,7,144,2,数据库,P1
118,8,154,2,Spring,P1
119,1,28,2,方法,P1
119,2,54,3,集合,P1
119,3,52,3,集合,P3
119,4,60,4,数据库,P2
119,5,5,2,String,P2
119,6,53,2,集合,P1
119,7,107,3,系统设计,P2
119,8,11,2,基本语法,P1
120,1,92,3,集合,P2
120,2,188,3,系统设计,P1
120,3,97,3,JVM,P2
120,4,71,3,并发,P3
120,5,147,3,系统设计,P1
121,1,145,4,系统设计,P2
121,2,8,2,基本语法,P3
121,3,33,2,面向对象基础,P3
121,4,165,3,数据库,P1
121,5,1,2,String,P3
121,6,53,2,集合,P2
121,7,27,3,方法,P1
122,1,7,2,基本语法,P1
122,2,32,4,面向对象基础,P2
122,3,27,3,方法,P3
122,4,31,3,面向对象基础,P2
122,5,189,3,系统设计,P1
122,6,23,2,变量,P2
122,7,38,3,Object,P1
122,8,37,3,Object,P1
123,1,107,3,系统设计,P3
123,2,146,3,系统设计,P1
123,3,108,3,系统设计,P1
123,4,162,3,微服务,P3
123,5,175,2,注解,P2
123,6,57,3,数据库,P3
124,1,188,3,系统设计,P1
124,2,58,3,数据库,P1
124,3,59,3,数据库,P1
124,4,166,5,数据库,P2
124,5,150,4,系统设计,P2
124,6,173,4,缓存,P1
124,7,187,4,系统设计,P1
124,8,159,3,微服务,P1
125,1,6,4,String,P3
125,2,104,3,系统设计,P1
125,3,95,5,集合,P3
125,4,92,3,集合,P3
125,5,48,5,异常,P2
125,6,38,3,Object,P1
125,7,6,4,String,P1
125,8,56,5,数据库,P1
126,1,69,3,并发,P1
126,2,52,3,集合,P3
126,3,188,3,系统设计,P1
126,4,86,4,JMM,P1
126,5,110,3,JVM,P2
127,1,81,3,锁,P2
127,2,107,3,系统设计,P3
127,3,146,3,系统设计,P3
127,4,94,3,集合,P3
127,5,54,3,集合,P3
127,6,150,4,系统设计,P3
128,1,68,5,并发,P3
128,2,149,3,系统设计,P3
128,3,87,3,JMM,P2
128,4,79,3,锁,P2
128,5,190,5,系统设计,P3
128,6,96,4,集合,P2
128,7,147,3,系统设计,P1
128,8,68,5,并发,P1
129,1,188,3,系统设计,P1
129,2,119,5,GC,P1
129,3,127,5,性能调优,P2
129,4,124,5,I/O,P1
129,5,166,5,数据库,P1
129,6,117,4,GC,P1
129,7,119,5,GC,P1
129,8,140,5,数据库,P3
130,1,63,3,系统设计,P1
130,2,140,5,数据库,P1
130,3,104,3,系统设计,P2
131,1,103,4,系统设计,P2
131,2,98,3,JVM,P1
131,3,89,5,JMM,P2
131,4,187,4,系统设计,P3
131,5,86,4,JMM,P3
131,6,61,4,系统设计,P1
131,7,113,5,JVM,P2
131,8,190,5,系统设计,P1
132,1,98,3,JVM,P1
132,2,150,4,系统设计,P2
132,3,88,3,JMM,P1
132,4,103,4,系统设计,P2
132,5,84,4,锁,P1
132,6,190,5,系统设计,P3
132,7,86,4,JMM,P1
132,8,145,4,系统设计,P1
133,1,187,4,系统设计,P1
133,2,188,3,系统设计,P3
133,3,192,4,系统设计,P1
133,4,61,4,系统设计,P1
133,5,90,5,JMM,P3
133,6,106,5,系统设计,P2
133,7,100,5,JVM,P1
134,1,150,4,系统设计,P2
134,2,158,3,微服务,P3
134,3,106,5,系统设计,P1
134,4,57,3,数据库,P1
134,5,139,4,数据库,P3
134,6,189,3,系统设计,P2
134,7,163,3,数据库,P2
134,8,108,3,系统设计,P3
135,1,108,3,系统设计,P3
135,2,127,5,性能调优,P1
135,3,146,3,系统设计,P1
135,4,112,3,JVM,P2
135,5,168,3,数据库,P3
136,1,21,2,变量,P1
136,2,37,3,Object,P1
136,3,27,3,方法,P1
136,4,7,2,基本语法,P3
136,5,52,3,集合,P3
137,1,153,2,Spring,P2
137,2,174,3,缓存,P3
137,3,139,4,数据库,P1
137,4,149,3,系统设计,P3
137,5,162,3,微服务,P2
137,6,65,2,系统设计,P2
138,1,116,2,GC,P3
138,2,110,3,JVM,P1
138,3,101,3,JVM,P1
138,4,108,3,系统设计,P3
138,5,98,3,JVM,P1
138,6,66,2,系统设计,P1
139,1,163,3,数据库,P2
139,2,104,3,系统设计,P1
139,3,144,2,数据库,P1
139,4,149,3,系统设计,P1
139,5,167,3,数据库,P1
139,6,143,3,数据库,P2
140,1,30,4,方法,P1
140,2,27,3,方法,P1
140,3,65,2,系统设计,P2
140,4,165,3,数据库,P1
140,5,146,3,系统设计,P2
141,1,2,2,String,P3
141,2,19,2,变量,P1
141,3,104,3,系统设计,P1
141,4,7,2,基本语法,P1
141,5,11,2,基本语法,P1
142,1,31,3,面向对象基础,P2
142,2,58,3,数据库,P3
142,3,28,2,方法,P1
142,4,3,2,String,P1
142,5,91,2,集合,P2
142,6,167,3,数据库,P3
143,1,162,3,微服务,P2
143,2,107,3,系统设计,P1
143,3,153,2,Spring,P1
143,4,189,3,系统设计,P1
143,5,186,3,SPI,P2
143,6,105,3,系统设计,P1
144,1,93,2,集合,P1
144,2,38,3,Object,P2
144,3,16,2,基本数据类型,P1
144,4,50,3,集合,P1
144,5,46,3,异常,P2
145,1,159,3,微服务,P1
145,2,62,3,系统设计,P1
145,3,175,2,注解,P2
145,4,177,2,注解,P2
145,5,154,2,Spring,P1
145,6,158,3,微服务,P2
146,1,50,3,集合,P2
146,2,147,3,系统设计,P3
146,3,38,3,Object,P2
146,4,103,4,系统设计,P1
146,5,29,2,方法,P3
147,1,173,4,缓存,P2
147,2,191,3,系统设计,P3
147,3,174,3,缓存,P2
147,4,146,3,系统设计,P3
147,5,175,2,注解,P1
148,1,37,3,Object,P1
148,2,141,3,数据库,P2
148,3,21,2,变量,P2
148,4,16,2,基本数据类型,P1
148,5,189,3,系统设计,P1
149,1,141,3,数据库,P2
149,2,36,4,面向对象基础,P2
149,3,46,3,异常,P1
149,4,33,2,面向对象基础,P1
149,5,39,3,Object,P1
149,6,28,2,方法,P1
149,7,16,2,基本数据类型,P1
149,8,51,2,集合,P3
150,1,179,3,注解,P1
150,2,160,3,微服务,P2
150,3,150,4,系统设计,P1
150,4,163,3,数据库,P1
150,5,107,3,系统设计,P1
150,6,153,2,Spring,P2
150,7,57,3,数据库,P2
150,8,150,4,系统设计,P3
151,1,191,3,系统设计,P1
151,2,89,5,JMM,P1
151,3,68,5,并发,P1
151,4,113,5,JVM,P3
151,5,63,3,系统设计,P3
152,1,160,3,微服务,P2
152,2,166,5,数据库,P1
152,3,173,4,缓存,P1
152,4,61,4,系统设计,P3
152,5,181,4,SPI,P1
152,6,152,5,Spring,P3
152,7,142,5,数据库,P1
152,8,157,5,微服务,P1
153,1,87,3,JMM,P3
153,2,89,5,JMM,P3
153,3,90,5,JMM,P1
153,4,74,4,线程池,P1
153,5,68,5,并发,P2
154,1,192,4,系统设计,P1
154,2,124,5,I/O,P2
154,3,128,5,性能调优,P1
154,4,129,4,性能调优,P2
154,5,142,5,数据库,P1
154,6,145,4,系统设计,P3
154,7,119,5,GC,P1
154,8,100,5,JVM,P2
155,1,133,5,序列化和反序列化,P1
155,2,117,4,GC,P3
155,3,60,4,数据库,P3
155,4,127,5,性能调优,P1
155,5,140,5,数据库,P1
155,6,142,5,数据库,P1
155,7,145,4,系统设计,P3
156,1,182,5,SPI,P3
156,2,184,4,SPI,P1
156,3,140,5,数据库,P1
156,4,139,4,数据库,P2
156,5,106,5,系统设计,P1
156,6,56,5,数据库,P1
157,1,3,2,String,P1
157,2,23,2,变量,P1
157,3,32,4,面向对象基础,P1
158,1,94,3,集合,P3
158,2,51,2,集合,P3
158,3,41,3,Object,P3
158,4,44,3,异常,P1
158,5,52,3,集合,P1
158,6,4,2,String,P1
158,7,10,2,基本语法,P1
159,1,85,3,JMM,P1
159,2,110,3,JVM,P3
159,3,88,3,JMM,P3
159,4,73,2,线程池,P3
159,5,97,3,JVM,P3
159,6,112,3,JVM,P1
159,7,102,2,JVM,P1
159,8,83,3,锁,P3
160,1,8,2,基本语法,P3
160,2,29,2,方法,P3
160,3,22,1,变量,P2
160,4,12,1,基本语法,P2
160,5,91,2,集合,P3
160,6,5,2,String,P1
160,7,93,2,集合,P3
160,8,53,2,集合,P3
161,1,58,3,数据库,P1
161,2,171,2,缓存,P2
161,3,175,2,注解,P1
161,4,66,2,系统设计,P2
161,5,154,2,Spring,P1
162,1,59,3,数据库,P3
162,2,9,1,基本语法,P3
162,3,28,2,方法,P2
162,4,7,2,基本语法,P1
163,1,60,4,数据库,P3
163,2,185,3,SPI,P2
163,3,142,5,数据库,P3
163,4,189,3,系统设计,P3
163,5,106,5,系统设计,P1
163,6,140,5,数据库,P3
164,1,167,3,数据库,P3
164,2,55,5,数据库,P3
164,3,36,4,面向对象基础,P2
164,4,48,5,异常,P1
164,5,43,4,异常,P2
165,1,148,5,系统设计,P3
165,2,105,3,系统设计,P1
165,3,165,3,数据库,P1
165,4,167,3,数据库,P2
165,5,166,5,数据库,P2
165,6,59,3,数据库,P3
165,7,139,4,数据库,P2
165,8,157,5,微服务,P2
166,1,103,4,系统设计,P1
166,2,173,4,缓存,P1
166,3,56,5,数据库,P3
166,4,182,5,SPI,P2
166,5,181,4,SPI,P1
166,6,152,5,Spring,P1
166,7,192,4,系统设计,P1
166,8,142,5,数据库,P1
167,1,191,3,系统设计,P2
167,2,60,4,数据库,P1
167,3,150,4,系统设计,P2
167,4,152,5,Spring,P1
168,1,190,5,系统设计,P1
168,2,146,3,系统设计,P3
168,3,50,3,集合,P1
168,4,101,3,JVM,P1
168,5,113,5,JVM,P3
168,6,90,5,JMM,P3
168,7,106,5,系统设计,P2
168,8,77,5,线程池,P2
169,1,143,3,数据库,P2
169,2,108,3,系统设计,P3
169,3,3,2,String,P1
169,4,60,4,数据库,P1
169,5,29,2,方法,P1
170,1,14,3,基本数据类型,P1
170,2,6,4,String,P1
170,3,16,2,基本数据类型,P3
170,4,54,3,集合,P2
170,5,163,3,数据库,P2
170,6,26,1,方法,P1
170,7,10,2,基本语法,P2
171,1,180,3,注解,P1
171,2,170,3,缓存,P1
171,3,158,3,微服务,P1
171,4,163,3,数据库,P1
171,5,159,3,微服务,P1
171,6,183,2,SPI,P3
171,7,104,3,系统设计,P1
171,8,105,3,系统设计,P2
172,1,60,4,数据库,P1
172,2,36,4,面向对象基础,P2
172,3,192,4,系统设计,P2
172,4,37,3,Object,P1
172,5,39,3,Object,P1
172,6,32,4,面向对象基础,P1
173,1,85,3,JMM,P1
173,2,89,5,JMM,P1
173,3,88,3,JMM,P3
173,4,86,4,JMM,P3
173,5,191,3,系统设计,P1
174,1,189,3,系统设计,P1
174,2,44,3,异常,P1
174,3,164,3,数据库,P1
174,4,187,4,系统设计,P3
174,5,55,5,数据库,P2
175,1,143,3,数据库,P1
175,2,171,2,缓存,P1
175,3,139,4,数据库,P2
175,4,183,2,SPI,P1
175,5,180,3,注解,P1
175,6,60,4,数据库,P1
175,7,104,3,系统设计,P2
176,1,189,3,系统设计,P1
176,2,136,3,序列化和反序列化,P1
176,3,143,3,数据库,P2
176,4,58,3,数据库,P3
176,5,145,4,系统设计,P2
177,1,29,2,方法,P3
177,2,62,3,系统设计,P2
177,3,141,3,数据库,P1
177,4,3,2,String,P3
178,1,80,2,锁,P1
178,2,87,3,JMM,P1
178,3,69,3,并发,P1
178,4,65,2,系统设计,P2
178,5,102,2,JVM,P3
179,1,150,4,系统设计,P1
179,2,35,4,面向对象基础,P3
179,3,65,2,系统设计,P2
179,4,92,3,集合,P2
179,5,50,3,集合,P3
179,6,167,3,数据库,P3
179,7,146,3,系统设计,P2
180,1,101,3,JVM,P3
180,2,72,3,并发,P1
180,3,78,3,线程池,P3
180,4,105,3,系统设计,P1
180,5,97,3,JVM,P1
180,6,51,2,集合,P1
180,7,79,3,锁,P1
180,8,83,3,锁,P2
181,1,172,4,缓存,P3
181,2,176,2,注解,P2
181,3,162,3,微服务,P2
181,4,105,3,系统设计,P1
181,5,149,3,系统设计,P2
182,1,165,3,数据库,P1
182,2,179,3,注解,P1
182,3,167,3,数据库,P3
182,4,171,2,缓存,P1
182,5,65,2,系统设计,P1
182,6,156,2,Spring,P3
183,1,31,3,面向对象基础,P2
183,2,58,3,数据库,P1
183,3,23,2,变量,P1
183,4,164,3,数据库,P1
183,5,46,3,异常,P1
184,1,109,3,JVM,P3
184,2,104,3,系统设计,P1
184,3,142,5,数据库,P1
184,4,135,4,序列化和反序列化,P2
184,5,140,5,数据库,P2
184,6,150,4,系统设计,P1
185,1,86,4,JMM,P1
185,2,101,3,JVM,P3
185,3,68,5,并发,P1
185,4,75,4,线程池,P1
185,5,96,4,集合,P1
186,1,56,5,数据库,P1
186,2,141,3,数据库,P1
186,3,145,4,系统设计,P1
186,4,173,4,缓存,P1
186,5,61,4,系统设计,P2
186,6,182,5,SPI,P1
187,1,98,3,JVM,P1
187,2,70,3,并发,P2
187,3,107,3,系统设计,P3
187,4,67,3,并发,P1
187,5,82,2,锁,P3
187,6,91,2,集合,P2
187,7,65,2,系统设计,P1
187,8,51,2,集合,P1
188,1,52,3,集合,P3
188,2,149,3,系统设计,P1
188,3,91,2,集合,P1
188,4,11,2,基本语法,P1
188,5,59,3,数据库,P1
188,6,163,3,数据库,P3
188,7,16,2,基本数据类型,P1
188,8,91,2,集合,P1
189,1,92,3,集合,P1
189,2,87,3,JMM,P1
189,3,53,2,集合,P3
189,4,108,3,系统设计,P1
189,5,73,2,线程池,P2
189,6,66,2,系统设计,P1
189,7,82,2,锁,P1
190,1,105,3,系统设计,P1
190,2,139,4,数据库,P2
190,3,181,4,SPI,P3
190,4,182,5,SPI,P2
190,5,190,5,系统设计,P1
190,6,152,5,Spring,P1
190,7,173,4,缓存,P1
190,8,106,5,系统设计,P2
191,1,174,3,缓存,P2
191,2,61,4,系统设计,P1
191,3,152,5,Spring,P2
191,4,166,5,数据库,P1
191,5,106,5,系统设计,P2
191,6,182,5,SPI,P1
191,7,148,5,系统设计,P3
191,8,157,5,微服务,P1
192,1,108,3,系统设计,P1
192,2,113,5,JVM,P2
192,3,150,4,系统设计,P1
192,4,61,4,系统设计,P1
192,5,90,5,JMM,P1
192,6,74,4,线程池,P3
192,7,86,4,JMM,P1
193,1,163,3,数据库,P2
193,2,35,4,面向对象基础,P1
193,3,13,5,基本数据类型,P3
193,4,140,5,数据库,P1
193,5,105,3,系统设计,P1
193,6,56,5,数据库,P2
193,7,35,4,面向对象基础,P1
193,8,187,4,系统设计,P2
194,1,121,5,I/O,P1
194,2,99,3,JVM,P1
194,3,135,4,序列化和反序列化,P1
194,4,105,3,系统设计,P2
194,5,117,4,GC,P2
195,1,30,4,方法,P1
195,2,167,3,数据库,P3
195,3,54,3,集合,P1
195,4,168,3,数据库,P1
195,5,15,4,基本数据类型,P2
196,1,52,3,集合,P3
196,2,44,3,异常,P2
196,3,1,2,String,P2
196,4,188,3,系统设计,P2
196,5,64,3,系统设计,P2
196,6,33,2,面向对象基础,P2
196,7,25,4,方法,P1
197,1,76,2,线程池,P2
197,2,187,4,系统设计,P1
197,3,81,3,锁,P3
197,4,80,2,锁,P1
197,5,97,3,JVM,P3
197,6,66,2,系统设计,P2
197,7,82,2,锁,P1
198,1,25,4,方法,P3
198,2,168,3,数据库,P3
198,3,50,3,集合,P3
198,4,15,4,基本数据类型,P1
198,5,91,2,集合,P2
198,6,93,2,集合,P1
198,7,94,3,集合,P2
198,8,46,3,异常,P3
199,1,67,3,并发,P2
199,2,107,3,系统设计,P3
199,3,106,5,系统设计,P1
199,4,85,3,JMM,P2
199,5,90,5,JMM,P1
199,6,84,4,锁,P2
199,7,96,4,集合,P3
200,1,64,3,系统设计,P1
200,2,148,5,系统设计,P3
200,3,192,4,系统设计,P1
200,4,152,5,Spring,P1
200,5,190,5,系统设计,P1
200,6,145,4,系统设计,P2
201,1,25,4,方法,P1
201,2,142,5,数据库,P1
201,3,166,5,数据库,P3
201,4,47,5,异常,P1
201,5,43,4,异常,P1
202,1,189,3,系统设计,P1
202,2,85,3,JMM,P1
202,3,61,4,系统设计,P1
202,4,103,4,系统设计,P3
202,5,190,5,系统设计,P1
202,6,113,5,JVM,P2
202,7,150,4,系统设计,P2
203,1,158,3,微服务,P3
203,2,178,3,注解,P3
203,3,172,4,缓存,P1
203,4,139,4,数据库,P2
203,5,152,5,Spring,P1
204,1,192,4,系统设计,P2
204,2,167,3,数据库,P2
204,3,50,3,集合,P1
204,4,143,3,数据库,P1
204,5,147,3,系统设计,P2
205,1,103,4,系统设计,P1
205,2,76,2,线程池,P1
205,3,108,3,系统设计,P2
205,4,79,3,锁,P3
205,5,67,3,并发,P2
205,6,150,4,系统设计,P1
206,1,108,3,系统设计,P1
206,2,64,3,系统设计,P1
206,3,65,2,系统设计,P2
206,4,159,3,微服务,P2
206,5,164,3,数据库,P3
206,6,167,3,数据库,P2
207,1,189,3,系统设计,P2
207,2,154,2,Spring,P3
207,3,160,3,微服务,P1
207,4,149,3,系统设计,P3
207,5,179,3,注解,P2
207,6,58,3,数据库,P2
207,7,158,3,微服务,P2
207,8,165,3,数据库,P1
208,1,62,3,系统设计,P1
208,2,160,3,微服务,P2
208,3,172,4,缓存,P1
208,4,167,3,数据库,P2
208,5,179,3,注解,P1
208,6,107,3,系统设计,P1
209,1,4,2,String,P3
209,2,31,3,面向对象基础,P2
209,3,93,2,集合,P2
209,4,14,3,基本数据类型,P1
209,5,57,3,数据库,P3
209,6,92,3,集合,P2
210,1,179,3,注解,P2
210,2,151,3,Spring,P1
210,3,189,3,系统设计,P3
210,4,163,3,数据库,P2
210,5,154,2,Spring,P1
210,6,175,2,注解,P2
211,1,26,1,方法,P1
211,2,19,2,变量,P1
211,3,28,2,方法,P3
211,4,5,2,String,P1
211,5,93,2,集合,P3
211,6,24,2,变量,P2
211,7,3,2,String,P1
211,8,26,1,方法,P1
212,1,174,3,缓存,P1
212,2,176,2,注解,P1
212,3,183,2,SPI,P1
213,1,24,2,变量,P1
213,2,10,2,基本语法,P1
213,3,11,2,基本语法,P1
213,4,19,2,变量,P1
213,5,29,2,方法,P1
214,1,16,2,基本数据类型,P2
214,2,93,2,集合,P1
214,3,25,4,方法,P2
214,4,1,2,String,P2
214,5,46,3,异常,P1
214,6,8,2,基本语法,P2
215,1,153,2,Spring,P2
215,2,170,3,缓存,P1
215,3,191,3,系统设计,P2
215,4,186,3,SPI,P2
215,5,156,2,Spring,P2
215,6,154,2,Spring,P2
215,7,183,2,SPI,P1
215,8,175,2,注解,P1
216,1,153,2,Spring,P1
216,2,155,3,Spring,P1
216,3,187,4,系统设计,P2
216,4,177,2,注解,P2
216,5,171,2,缓存,P1
216,6,183,2,SPI,P2
217,1,150,4,系统设计,P1
217,2,147,3,系统设计,P2
217,3,90,5,JMM,P1
217,4,96,4,集合,P3
217,5,77,5,线程池,P3
217,6,148,5,系统设计,P3
217,7,187,4,系统设计,P3
217,8,86,4,JMM,P2
218,1,90,5,JMM,P1
218,2,71,3,并发,P2
218,3,72,3,并发,P2
219,1,98,3,JVM,P3
219,2,113,5,JVM,P1
219,3,103,4,系统设计,P1
220,1,190,5,系统设计,P2
220,2,161,5,微服务,P3
220,3,189,3,系统设计,P1
220,4,164,3,数据库,P1
220,5,166,5,数据库,P3
220,6,157,5,微服务,P1
221,1,180,3,注解,P1
221,2,56,5,数据库,P1
221,3,190,5,系统设计,P3
221,4,61,4,系统设计,P2
221,5,152,5,Spring,P2
221,6,60,4,数据库,P2
221,7,187,4,系统设计,P1
222,1,106,5,系统设计,P3
222,2,50,3,集合,P3
222,3,69,3,并发,P3
222,4,75,4,线程池,P3
222,5,100,5,JVM,P1
222,6,106,5,系统设计,P3
222,7,191,3,系统设计,P3
222,8,187,4,系统设计,P2
223,1,153,2,Spring,P1
223,2,165,3,数据库,P2
223,3,108,3,系统设计,P1
223,4,178,3,注解,P3
223,5,154,2,Spring,P2
223,6,156,2,Spring,P1
223,7,183,2,SPI,P2
224,1,91,2,集合,P1
224,2,21,2,变量,P2
224,3,92,3,集合,P1
224,4,53,2,集合,P2
224,5,24,2,变量,P1
225,1,92,3,集合,P3
225,2,33,2,面向对象基础,P1
225,3,21,2,变量,P1
225,4,147,3,系统设计,P2
225,5,1,2,String,P1
225,6,93,2,集合,P3
225,7,7,2,基本语法,P1
226,1,103,4,系统设计,P1
226,2,129,4,性能调优,P1
226,3,117,4,GC,P3
226,4,100,5,JVM,P3
226,5,127,5,性能调优,P1
226,6,145,4,系统设计,P2
226,7,61,4,系统设计,P1
227,1,187,4,系统设计,P2
227,2,148,5,系统设计,P3
227,3,150,4,系统设计,P3
227,4,192,4,系统设计,P3
227,5,113,5,JVM,P2
227,6,68,5,并发,P2
227,7,90,5,JMM,P1
228,1,150,4,系统设计,P1
228,2,103,4,系统设计,P3
228,3,75,4,线程池,P2
228,4,96,4,集合,P1
228,5,113,5,JVM,P3
228,6,148,5,系统设计,P3
228,7,100,5,JVM,P3
228,8,77,5,线程池,P2
229,1,18,4,基本数据类型,P3
229,2,51,2,集合,P3
229,3,165,3,数据库,P1
229,4,66,2,系统设计,P2
229,5,43,4,异常,P2
230,1,64,3,系统设计,P1
230,2,75,4,线程池,P3
230,3,70,3,并发,P1
230,4,74,4,线程池,P2
230,5,187,4,系统设计,P1
230,6,188,3,系统设计,P3
230,7,72,3,并发,P1
230,8,83,3,锁,P1
231,1,81,3,锁,P1
231,2,73,2,线程池,P1
231,3,149,3,系统设计,P3
231,4,96,4,集合,P1
231,5,78,3,线程池,P2
232,1,101,3,JVM,P3
232,2,98,3,JVM,P2
232,3,103,4,系统设计,P3
232,4,187,4,系统设计,P1
232,5,68,5,并发,P2
232,6,106,5,系统设计,P1
232,7,192,4,系统设计,P2
232,8,150,4,系统设计,P1
233,1,57,3,数据库,P1
233,2,61,4,系统设计,P2
233,3,128,5,性能调优,P1
233,4,115,4,GC,P1
233,5,113,5,JVM,P1
234,1,63,3,系统设计,P3
234,2,190,5,系统设计,P2
234,3,111,3,JVM,P1
234,4,61,4,系统设计,P3
234,5,90,5,JMM,P1
234,6,150,4,系统设计,P1
235,1,98,3,JVM,P2
235,2,168,3,数据库,P3
235,3,164,3,数据库,P3
235,4,104,3,系统设计,P1
235,5,120,3,GC,P3
235,6,191,3,系统设计,P1
236,1,162,3,微服务,P1
236,2,146,3,系统设计,P1
236,3,66,2,系统设计,P1
236,4,169,2,缓存,P3
236,5,188,3,系统设计,P1
237,1,62,3,系统设计,P1
237,2,64,3,系统设计,P1
237,3,186,3,SPI,P1
237,4,184,4,SPI,P1
237,5,165,3,数据库,P3
238,1,75,4,线程池,P1
238,2,106,5,系统设计,P2
238,3,68,5,并发,P1
238,4,77,5,线程池,P2
238,5,187,4,系统设计,P2
238,6,145,4,系统设计,P3
238,7,190,5,系统设计,P1
239,1,118,5,GC,P1
239,2,188,3,系统设计,P1
239,3,117,4,GC,P3
239,4,109,3,JVM,P3
239,5,110,3,JVM,P1
240,1,49,3,集合,P1
240,2,84,4,锁,P1
240,3,99,3,JVM,P1
240,4,189,3,系统设计,P1
240,5,61,4,系统设计,P2
240,6,81,3,锁,P1
240,7,62,3,系统设计,P3
241,1,89,5,JMM,P2
241,2,84,4,锁,P1
241,3,110,3,JVM,P2
241,4,74,4,线程池,P3
241,5,83,3,锁,P1
242,1,155,3,Spring,P1
242,2,182,5,SPI,P1
242,3,190,5,系统设计,P2
242,4,139,4,数据库,P3
242,5,181,4,SPI,P2
242,6,157,5,微服务,P1
242,7,145,4,系统设计,P2
243,1,166,5,数据库,P3
243,2,103,4,系统设计,P3
243,3,184,4,SPI,P1
243,4,164,3,数据库,P1
243,5,181,4,SPI,P2
243,6,160,3,微服务,P2
244,1,52,3,集合,P3
244,2,104,3,系统设计,P3
244,3,27,3,方法,P1
244,4,143,3,数据库,P1
244,5,33,2,面向对象基础,P1
244,6,147,3,系统设计,P1
244,7,91,2,集合,P3
245,1,170,3,缓存,P1
245,2,155,3,Spring,P1
245,3,191,3,系统设计,P1
245,4,188,3,系统设计,P1
245,5,185,3,SPI,P3
245,6,154,2,Spring,P1
246,1,188,3,系统设计,P2
246,2,187,4,系统设计,P1
246,3,169,2,缓存,P1
246,4,189,3,系统设计,P2
246,5,147,3,系统设计,P1
246,6,61,4,系统设计,P2
247,1,86,4,JMM,P1
247,2,102,2,JVM,P2
247,3,94,3,集合,P1
247,4,108,3,系统设计,P3
247,5,107,3,系统设计,P2
248,1,37,3,Object,P3
248,2,62,3,系统设计,P1
248,3,144,2,数据库,P2
248,4,38,3,Object,P2
248,5,24,2,变量,P2
248,6,167,3,数据库,P1
249,1,8,2,基本语法,P1
249,2,16,2,基本数据类型,P2
249,3,31,3,面向对象基础,P2
249,4,39,3,Object,P3
249,5,64,3,系统设计,P2
249,6,21,2,变量,P1
249,7,35,4,面向对象基础,P2
250,1,143,3,数据库,P3
250,2,61,4,系统设计,P2
250,3,159,3,微服务,P1
250,4,170,3,缓存,P1
250,5,171,2,缓存,P3
250,6,185,3,SPI,P3
250,7,141,3,数据库,P1
251,1,6,4,String,P3
251,2,8,2,基本语法,P2
251,3,92,3,集合,P2
251,4,91,2,集合,P2
251,5,191,3,系统设计,P1
251,6,14,3,基本数据类型,P3
251,7,168,3,数据库,P2
252,1,61,4,系统设计,P3
252,2,94,3,集合,P2
252,3,191,3,系统设计,P2
252,4,46,3,异常,P1
252,5,1,2,String,P3
253,1,150,4,系统设计,P1
253,2,172,4,缓存,P2
253,3,60,4,数据库,P1
254,1,47,5,异常,P1
254,2,190,5,系统设计,P1
254,3,45,3,异常,P2
254,4,104,3,系统设计,P3
254,5,41,3,Object,P1
255,1,167,3,数据库,P1
255,2,188,3,系统设计,P1
255,3,55,5,数据库,P1
255,4,142,5,数据库,P3
255,5,105,3,系统设计,P1
255,6,163,3,数据库,P1
255,7,13,5,基本数据类型,P2
255,8,188,3,系统设计,P3
256,1,78,3,线程池,P2
256,2,84,4,锁,P1
256,3,86,4,JMM,P2
256,4,68,5,并发,P1
256,5,70,3,并发,P1
256,6,100,5,JVM,P3
256,7,77,5,线程池,P2
256,8,190,5,系统设计,P1
257,1,148,5,系统设计,P1
257,2,63,3,系统设计,P3
257,3,145,4,系统设计,P1
257,4,106,5,系统设计,P2
257,5,61,4,系统设计,P3
257,6,192,4,系统设计,P1
257,7,184,4,SPI,P1
258,1,54,3,集合,P1
258,2,150,4,系统设计,P2
258,3,96,4,集合,P1
258,4,61,4,系统设计,P1
258,5,32,4,面向对象基础,P2
258,6,60,4,数据库,P3
258,7,55,5,数据库,P1
259,1,106,5,系统设计,P1
259,2,142,5,数据库,P1
259,3,150,4,系统设计,P1
259,4,61,4,系统设计,P1
259,5,148,5,系统设计,P3
260,1,129,4,性能调优,P1
260,2,133,5,序列化和反序列化,P1
260,3,138,5,序列化和反序列化,P3
260,4,142,5,数据库,P1
260,5,190,5,系统设计,P1
260,6,148,5,系统设计,P3
260,7,100,5,JVM,P1
260,8,166,5,数据库,P1
261,1,68,5,并发,P1
261,2,89,5,JMM,P1
261,3,148,5,系统设计,P3
261,4,61,4,系统设计,P2
261,5,100,5,JVM,P1
261,6,150,4,系统设计,P1
261,7,96,4,集合,P1
262,1,105,3,系统设计,P3
262,2,109,3,JVM,P1
262,3,80,2,锁,P1
262,4,92,3,集合,P1
262,5,72,3,并发,P1
263,1,97,3,JVM,P1
263,2,71,3,并发,P1
263,3,99,3,JVM,P1
263,4,78,3,线程池,P3
263,5,66,2,系统设计,P1
263,6,189,3,系统设计,P1
264,1,15,4,基本数据类型,P1
264,2,46,3,异常,P3
264,3,62,3,系统设计,P3
264,4,44,3,异常,P2
264,5,7,2,基本语法,P1
264,6,20,3,变量,P1
264,7,8,2,基本语法,P2
264,8,11,2,基本语法,P1
265,1,32,4,面向对象基础,P2
265,2,188,3,系统设计,P3
265,3,63,3,系统设计,P1
266,1,32,4,面向对象基础,P1
266,2,104,3,系统设计,P2
266,3,150,4,系统设计,P2
266,4,164,3,数据库,P2
266,5,59,3,数据库,P1
267,1,57,3,数据库,P1
267,2,51,2,集合,P3
267,3,64,3,系统设计,P2
267,4,11,2,基本语法,P1
267,5,25,4,方法,P2
267,6,28,2,方法,P1
267,7,6,4,String,P3
268,1,64,3,系统设计,P1
268,2,51,2,集合,P3
268,3,66,2,系统设计,P1
268,4,24,2,变量,P1
268,5,41,3,Object,P2
268,6,54,3,集合,P2
268,7,189,3,系统设计,P3
268,8,94,3,集合,P1
269,1,16,2,基本数据类型,P1
269,2,27,3,方法,P2
269,3,54,3,集合,P3
269,4,187,4,系统设计,P1
269,5,2,2,String,P1
269,6,141,3,数据库,P2
269,7,24,2,变量,P2
270,1,141,3,数据库,P1
270,2,179,3,注解,P1
270,3,57,3,数据库,P3
270,4,66,2,系统设计,P1
270,5,155,3,Spring,P1
270,6,65,2,系统设计,P1
270,7,169,2,缓存,P2
271,1,105,3,系统设计,P3
271,2,154,2,Spring,P1
271,3,171,2,缓存,P2
271,4,176,2,注解,P1
271,5,65,2,系统设计,P1
271,6,183,2,SPI,P2
272,1,104,3,系统设计,P2
272,2,2,2,String,P3
272,3,8,2,基本语法,P1
272,4,10,2,基本语法,P1
272,5,12,1,基本语法,P1
272,6,28,2,方法,P3
272,7,26,1,方法,P3
272,8,4,2,String,P2
273,1,191,3,系统设计,P3
273,2,102,2,JVM,P1
273,3,114,2,JVM,P3
273,4,93,2,集合,P3
273,5,53,2,集合,P2
274,1,69,3,并发,P1
274,2,192,4,系统设计,P1
274,3,150,4,系统设计,P2
274,4,62,3,系统设计,P1
274,5,73,2,线程池,P2
274,6,99,3,JVM,P1
275,1,84,4,锁,P1
275,2,107,3,系统设计,P1
275,3,83,3,锁,P2
275,4,61,4,系统设计,P3
275,5,110,3,JVM,P1
276,1,165,3,数据库,P1
276,2,108,3,系统设计,P1
276,3,145,4,系统设计,P2
276,4,58,3,数据库,P1
276,5,149,3,系统设计,P1
276,6,163,3,数据库,P1
276,7,180,3,注解,P2
277,1,25,4,方法,P1
277,2,107,3,系统设计,P1
277,3,5,2,String,P3
277,4,27,3,方法,P1
277,5,53,2,集合,P1
277,6,94,3,集合,P1
277,7,54,3,集合,P1
277,8,10,2,基本语法,P1
278,1,54,3,集合,P1
278,2,108,3,系统设计,P1
278,3,19,2,变量,P1
278,4,60,4,数据库,P1
278,5,163,3,数据库,P3
278,6,16,2,基本数据类型,P1
278,7,25,4,方法,P1
278,8,141,3,数据库,P1
279,1,191,3,系统设计,P1
279,2,66,2,系统设计,P1
279,3,163,3,数据库,P1
279,4,172,4,缓存,P1
279,5,58,3,数据库,P2
280,1,72,3,并发,P1
280,2,54,3,集合,P1
280,3,149,3,系统设计,P3
280,4,49,3,集合,P1
280,5,83,3,锁,P3
280,6,95,5,集合,P1
280,7,188,3,系统设计,P1
280,8,84,4,锁,P1
281,1,95,5,集合,P1
281,2,83,3,锁,P1
281,3,69,3,并发,P1
281,4,147,3,系统设计,P1
281,5,148,5,系统设计,P3
281,6,61,4,系统设计,P1
282,1,151,3,Spring,P2
282,2,55,5,数据库,P1
282,3,166,5,数据库,P2
282,4,180,3,注解,P1
282,5,139,4,数据库,P2
283,1,186,3,SPI,P1
283,2,176,2,注解,P3
283,3,66,2,系统设计,P2
283,4,171,2,缓存,P1
283,5,177,2,注解,P2
284,1,116,2,GC,P3
284,2,144,2,数据库,P1
284,3,114,2,JVM,P2
284,4,66,2,系统设计,P2
284,5,102,2,JVM,P1
284,6,116,2,GC,P3
284,7,65,2,系统设计,P1
284,8,144,2,数据库,P3
285,1,11,2,基本语法,P2
285,2,144,2,数据库,P1
285,3,33,2,面向对象基础,P1
285,4,91,2,集合,P1
285,5,65,2,系统设计,P1
285,6,5,2,String,P2
286,1,170,3,缓存,P2
286,2,65,2,系统设计,P1
286,3,159,3,微服务,P2
286,4,191,3,系统设计,P1
286,5,177,2,注解,P3
286,6,171,2,缓存,P2
286,7,168,3,数据库,P1
287,1,187,4,系统设计,P2
287,2,62,3,系统设计,P1
287,3,144,2,数据库,P1
287,4,143,3,数据库,P1
287,5,188,3,系统设计,P2
287,6,141,3,数据库,P1
287,7,105,3,系统设计,P2
288,1,41,3,Object,P1
288,2,65,2,系统设计,P3
288,3,1,2,String,P1
288,4,45,3,异常,P2
289,1,66,2,系统设计,P3
289,2,1,2,String,P2
289,3,10,2,基本语法,P2
289,4,11,2,基本语法,P1
289,5,16,2,基本数据类型,P2
290,1,108,3,系统设计,P2
290,2,65,2,系统设计,P1
290,3,3,2,String,P1
290,4,51,2,集合,P2
290,5,28,2,方法,P1
291,1,28,2,方法,P1
291,2,3,2,String,P1
291,3,144,2,数据库,P1
291,4,23,2,变量,P3
291,5,26,1,方法,P3
291,6,21,2,变量,P2
291,7,24,2,变量,P2
291,8,3,2,String,P3
292,1,76,2,线程池,P3
292,2,83,3,锁,P1
292,3,87,3,JMM,P2
292,4,54,3,集合,P1
293,1,94,3,集合,P3
293,2,87,3,JMM,P2
293,3,88,3,JMM,P2
293,4,64,3,系统设计,P1
293,5,54,3,集合,P1
293,6,192,4,系统设计,P2
293,7,191,3,系统设计,P3
294,1,156,2,Spring,P1
294,2,149,3,系统设计,P1
294,3,164,3,数据库,P2
294,4,192,4,系统设计,P1
294,5,189,3,系统设计,P1
294,6,187,4,系统设计,P2
294,7,147,3,系统设计,P1
295,1,129,4,性能调优,P2
295,2,127,5,性能调优,P3
295,3,145,4,系统设计,P2
295,4,148,5,系统设计,P1
295,5,113,5,JVM,P3
295,6,141,3,数据库,P1
295,7,133,5,序列化和反序列化,P1
295,8,166,5,数据库,P1
296,1,88,3,JMM,P3
296,2,103,4,系统设计,P3
296,3,68,5,并发,P3
296,4,187,4,系统设计,P2
296,5,192,4,系统设计,P1
296,6,75,4,线程池,P2
296,7,86,4,JMM,P2
296,8,150,4,系统设计,P2
297,1,57,3,数据库,P1
297,2,192,4,系统设计,P1
297,3,106,5,系统设计,P1
297,4,166,5,数据库,P2
297,5,60,4,数据库,P1
297,6,161,5,微服务,P2
297,7,148,5,系统设计,P1
298,1,181,4,SPI,P3
298,2,167,3,数据库,P3
298,3,104,3,系统设计,P2
298,4,178,3,注解,P1
298,5,170,3,缓存,P1
298,6,64,3,系统设计,P1
298,7,156,2,Spring,P1
299,1,102,2,JVM,P3
299,2,146,3,系统设计,P3
299,3,132,3,性能调优,P3
299,4,165,3,数据库,P2
299,5,135,4,序列化和反序列化,P2
299,6,167,3,数据库,P2
299,7,147,3,系统设计,P1
299,8,66,2,系统设计,P2
300,1,4,2,String,P1
300,2,44,3,异常,P1
300,3,10,2,基本语法,P1
300,4,62,3,系统设计,P1
300,5,49,3,集合,P3
300,6,31,3,面向对象基础,P1
300,7,141,3,数据库,P1
300,8,168,3,数据库,P2
